Area,Savanna fires,Forest fires,Crop Residues,Rice Cultivation,Drained organic soils (CO2),Pesticides Manufacturing,Food Transport,Food Household Consumption,Food Retail,On-farm Electricity Use,Food Packaging,Agrifood Systems Waste Disposal,Food Processing,Fertilizers Manufacturing
Afghanistan,15.088267741935484,0.05747741935483871,316.7494161290323,652.752835483871,0.0,37.696716776677555,206.7404741935484,466.44361612903225,227.96182903225807,36.22811612903226,160.8982373860921,1888.4930645161292,672.348595314706,26.010496774193548
Albania,5.479451612903226,6.920467741935483,37.33208064516129,208.64401029180476,109.79653548387097,4.808636959487754,199.83913225806452,84.63237419354839,57.00101935483871,4.693187096774193,20.370832258064517,572.357435483871,90.4615876651119,784.2256209817501
Algeria,55.966177419354835,83.76707741935483,279.6983419354839,2.462009677419355,0.0,49.16129032258065,2693.3971193548387,13243.90673548387,454.5630290322581,298.8873677419355,541.1576677419355,8014.5621,1089.074531773755,992.0448580645161
American Samoa,0.0,0.0,0.0,1158.4682240371685,0.0,11.481084565896976,14.289009677419354,0.6319129032258065,6.214174193548387,17.00466278502689,77.39365076150476,2.010432258064516,69.34500322580645,2005.7921290780253
Andorra,0.0,0.0,0.0,926.3422784724488,0.0,11.481084565896976,39.21044516129032,2.562622580645161,3.6520451612903226,17.00466278502689,67.63136607385836,15.222038709677419,147.2764616718492,1664.2573914805905
Angola,25221.046803225803,15342.311758064516,106.34150967741935,100.63298387096773,337.86431935483876,1.1935483870967742,373.406664516129,470.9489967741936,209.49076451612905,687.4459459287106,43.912028745415334,2035.539429032258,277.3345432474347,430.54806919818424
Anguilla,0.0,0.0,0.0,2613.5917060799566,0.0,11.481084565896976,3.6285000000000003,9.900041935483872,5.028509677419355,1.3911354838709677,74.01813278081946,65.0723473790681,483.1260997993476,2791.6842277879755
Antigua and Barbuda,0.0,0.0,0.002854838709677419,246.40727646443952,0.0,0.25806451612903225,17.02762258064516,13.97426129032258,19.11255806451613,4.262254838709677,172.1797793227163,33.12753870967742,252.2141899664796,1807.613681193928
Argentina,2821.3299193548387,1117.634706451613,4483.205051612903,1456.3801483870968,5185.092974193548,4253.806451612903,4564.815619354838,4266.510825806451,3190.729477419355,239.33203548387095,1028.6350870967742,10755.60994516129,4632.171199179759,1056.2903838709676
Armenia,4.213793103448276,0.8699413793103449,29.93056551724138,248.06149701135485,0.0,3.413793103448276,139.7496379310345,175.93588620689655,157.95754827586208,58.006382758620695,45.59537241379311,417.2451344827586,215.67598620689657,377.4078995531106
Aruba,0.0,0.0,0.0,1945.8349407413666,0.0,11.481084565896976,21.434770967741933,36.47990967741935,65.99823225806452,19.02916129032258,67.63136607385836,78.9853741935484,451.19629118273247,1598.046702244067
Australia,55173.418296774194,4365.332806451614,2195.863551612903,770.0921290322581,2857.2817903225805,1676.9354838709678,8600.514922580644,10301.650738709677,5667.481103225807,2009.436735483871,7753.494083870967,4830.626622580645,8052.709503225807,539.2883806451613
Austria,0.05748709677419355,0.45877741935483873,258.43957741935486,920.6225341032097,279.0965806451613,64.19354838709677,1603.493393548387,1227.246193548387,1066.0968774193548,208.19684193548386,635.8594258064517,1555.0677838709678,1288.2004258064514,1633.8179976224471
Azerbaijan,26.66965517241379,3.3207482758620688,145.68575172413793,18.650010344827585,0.0,6.137931034482759,560.080824137931,1281.1485379310345,876.6081,1005.9002862068966,156.64658965517242,1755.4554344827586,561.854475862069,802.9043160693218
Bahamas,10.549067741935483,46.618806451612905,0.02224193548387097,246.40727646443952,0.0,6.032258064516129,33.36542258064516,112.83233870967742,78.89506774193549,42.22273225806452,121.89330631122861,251.53414516129033,209.58772835754152,1470.918447177869
Bahrain,0.0,0.0,0.0005275862068965517,279.3975581873084,0.0,0.0967741935483871,267.3865322580645,438.0893,489.64419032258064,31.41474193548387,579.6850741935484,440.72449677419354,84.8234396263905,324.25831612903227
Bangladesh,20.641151612903222,120.87083870967743,2852.220980645161,30090.94567419355,17736.226309677422,165.09677419354838,656.5648193548387,1087.4753,919.3617903225806,363.6753806451613,20.71796129032258,15816.937409677419,2455.6320726944696,1002.3666612903226
Barbados,0.013974193548387095,0.0,0.030851612903225807,246.40727646443952,0.0,16.725196276319256,40.386832258064516,65.28109032258064,83.8561129032258,24.135063785062357,115.49067032820126,165.3683129032258,209.58772835754152,693.7392604860769
Belarus,9.48151724137931,29.80116896551724,443.81968620689656,926.3422784724488,42680.64224482759,110.82758620689656,1054.8333344827586,1324.6382034482758,850.278224137931,911.5189068965517,436.0153379310345,2143.117579310345,2179.332082758621,4049.1191551724137
Belgium,0.039933333333333335,0.04189047619047619,180.57365238095238,725.6426004657739,201.6053523809524,287.0952380952381,2005.616157142857,1460.7250714285715,2655.984242857143,238.08804761904761,769.1445857142857,1829.1577190476191,3258.1117809523807,2004.0443304491967
Belgium-Luxembourg,0.01976,0.14401,153.00200999999998,773.3039548468817,217.01519,301.8,1565.3506745303519,0.0,1325.4304126942045,647.5560528480912,995.8463907993442,2476.49974,2052.633382842863,1786.5435650444342
Belize,13.369267741935483,93.94501612903227,4.195222580645161,3.074941935483871,149.67881935483874,22.35483870967742,32.6921,41.14713548387097,13.447141935483872,1.5861,67.63136607385836,224.41669032258065,211.57662980301038,5669.982067844824
Benin,1020.5369806451613,307.1868580645162,88.92003548387096,33.27300322580645,0.0,43.89637831113654,276.6521451612903,34.61074838709677,256.1408096774193,4.361503225806452,21.106117166055377,633.4846451612904,26.262981559920696,1182.7545621662287
Bermuda,0.0,0.0,0.01,1546.6780853512773,0.0,1.8709677419354838,15.487106451612904,2.650222580645161,3.373661290322581,17.00466278502689,85.62139116428736,7.025277419354839,483.1260997993476,2005.7921290780253
Bhutan,1.4467225806451611,23.955764516129033,9.62790322580645,75.45986774193548,0.0,0.25806451612903225,4.912683870967743,17.046480645161292,10.634945161290322,0.5020645161290322,67.63136607385836,93.26806129032259,252.2141899664796,3868.6120633626906
Bolivia (Plurinational State of),1961.2769322580646,6684.2021258064515,252.08467741935485,304.97315483870966,0.0,227.61290322580646,568.7868612903226,1728.7492870967742,367.7420451612903,165.2555741935484,46.605371025067214,1672.0590258064517,1105.4026140093565,214.59114193548388
Bosnia and Herzegovina,6.847151724137931,16.03863448275862,66.74756896551725,248.79466913260606,118.37519655172414,70.24137931034483,336.7711551724138,347.74194827586206,416.1445310344827,37.3699724137931,182.88887586206897,711.2557551724138,184.0324739497465,114.6088827586207
Botswana,5141.990606451613,45.559361290322585,5.805345161290322,246.62072427694474,564.2864806451613,4.755850826337456,173.18738064516128,186.23374838709677,242.02180967741936,187.33085806451612,16.818146140944897,140.71929032258063,99.62172910516676,1004.1630641626373
Brazil,11175.633132258065,12240.285603225806,7456.800883870968,5599.759977419355,426.8778419354839,4286.580645161291,18289.722051612905,16488.9785483871,7956.047551612903,1706.1148774193548,3962.5988322580647,76108.72614516129,5054.31315483871,4602.296274193549
British Virgin Islands,0.0,0.011038709677419356,0.0,2622.757901088058,0.0,12.232870648918505,3.598316129032258,0.0,3.682329032258065,548.4029167056395,971.8037030779776,0.8564548387096774,1738.8586207020228,2937.179815329353
Brunei Darussalam,0.07819354838709677,15.364970967741936,0.12183548387096774,4.140835483870968,278.4930483870968,0.3870967741935484,115.99575161290323,349.37847741935485,110.78966129032258,59.927796774193546,26.178360952704452,165.64623870967742,156.7364154055802,5413.1746919433335
Bulgaria,5.5044,6.356367741935484,415.68275161290325,55.45813548387097,1118.0605806451613,90.51612903225806,500.46378064516125,869.1333999999999,453.50022903225806,196.12659677419356,435.04723870967746,1117.9619096774193,1068.054070967742,2.2637870967741938
Burkina Faso,1626.404693548387,372.5354870967742,253.77887741935484,584.182235483871,0.0,13.856585466792962,105.33681612903226,78.3753806451613,248.01689032258062,4.609193548387096,69.6247872755169,1938.3080322580645,337.6673752551213,356.4910168671663
Burundi,24.675325806451614,5.785906451612903,42.77890967741935,49.61367096774193,3070.1727612903223,4.451612903225806,26.73796774193548,4.135390322580645,64.61593870967742,2.6388870967741935,67.63136607385836,1060.7746580645162,216.46296410091864,3236.0786548685337
Cabo Verde,0.0,0.0,1.0251322580645161,246.40727646443952,0.0,0.0,19.31401935483871,22.156809677419353,13.799738709677419,1.679483870967742,67.63136607385836,95.39949677419355,221.20691704658032,1244.2118829085457
Cambodia,1199.5846161290322,5027.682667741935,504.75183225806455,10362.895412903226,0.0,46.14615402552768,287.92016451612903,272.3415483870968,299.24825483870967,117.92430404644351,168.46129225676955,1373.0048580645162,741.6565756749698,388.34074564552634
Cameroon,2326.793809677419,1476.593764516129,156.76979677419354,173.5721,1406.256393548387,33.251389676743365,259.83254516129034,114.34816774193548,278.4869741935484,6.775454838709677,36.70881169409705,1990.0585161290321,67.69739350009003,370.69920227963445
Canada,807.9572741935484,1608.2651967741936,3446.517993548387,1653.1458873270558,37286.3969,886.3805103256606,16339.853641935484,8881.120422580645,4899.705283870968,1755.4147838709678,3986.5444290322584,5712.094677419354,3261.990301968665,11365.384925806451
Cayman Islands,0.0,0.0,0.0,2090.2922366736234,0.0,11.481084565896976,15.779370967741936,4.809583870967742,7.64216129032258,17.00466278502689,77.39365076150476,19.547590322580643,451.19629118273247,2005.7921290780253
Central African Republic,12327.788312903225,19980.018845161292,12.173151612903226,25.87857741935484,36.758951612903225,0.7741935483870968,14.391625806451612,6.684022580645161,109.78879032258064,2.6245322580645163,67.63136607385836,541.6554967741936,209.58772835754152,1283.8082120207346
Chad,5390.822061290322,2146.0989935483867,134.65784193548387,225.61212258064518,0.0,1.935483870967742,75.73003870967742,62.360864516129034,158.79348387096775,10.42139677419355,68.6456353589687,1136.0886967741937,367.37896613526414,356.4910168671663
Channel Islands,0.0,0.0,0.0,9916.583966058928,0.0,258.5834852393959,2342.6366809497163,0.0,1285.4731577906973,643.5802312699008,1347.0346343062345,7428.316882629953,2369.112862221599,1959.051067359679
Chile,30.2761935483871,187.60427419354838,186.42448387096772,161.87712258064516,1002.3714451612904,113.45161290322581,1979.9293612903225,1858.8808225806451,1789.8071774193547,147.96450322580645,662.5846290322581,5363.058390322581,301.9480093476828,612.1562483870969
China,320.4220612903226,850.5058096774194,27293.913041935484,149893.4544903226,3808.2708612903225,10699.612903225807,27022.306867741936,224925.9200064516,55075.69678387097,66561.13438064516,110737.83612258064,196580.53438387095,187112.8711064516,115707.05115806451
"China, Hong Kong SAR",0.27322258064516125,0.2252483870967742,0.0002,0.00016451612903225807,0.0,16.28855949871497,825.0186258064516,4163.4521774193545,1143.6990999999998,9.887338709677419,7.035132258064516,2921.9826612903225,237.1934033659836,600.3283678568309
"China, Macao SAR",0.0,0.0,0.0,802.4046613084189,0.0,4.364255813705379,37.9008064516129,29.96529677419355,20.18353548387097,19.481832140674708,67.63136607385836,192.40442258064516,252.2141899664796,1987.5190012248931
"China, Taiwan Province of",0.05018064516129032,0.3130612903225807,112.38781290322581,1563.879548387097,0.0,252.90322580645162,3641.1755967741933,12136.76479032258,1853.6526258064516,1390.771106451613,3066.309406451613,4784.9971996376225,3179.783016129032,933.9678516129032
"China, mainland",320.09865806451614,849.9675258064517,27181.52523548387,148329.57478387098,3808.2708612903225,10437.58064516129,22518.211796774194,208595.73776129034,52058.161535483865,65160.47592258064,107664.49157741935,193466.14731290322,183933.08809354837,114773.08333225807
Colombia,1436.650264516129,365.7917354838709,258.08759032258064,2762.4368935483867,553.6083548387097,1112.3225806451612,2672.370203225806,3536.0424451612903,1424.0038903225807,154.6444,573.687864516129,11027.642319354838,2607.061787096774,688.068464516129
Comoros,0.6146387096774193,1.988532258064516,2.7961387096774195,137.44557741935483,0.0,0.0,8.645570967741936,1.084874193548387,0.2767032258064516,0.48300000000000004,67.63136607385836,71.98926451612903,209.58772835754152,4043.949698732985
Congo,1820.0905064516128,415.7913032258064,1.6080838709677419,3.7326548387096774,2621.0590806451614,0.06451612903225806,103.50829999999999,29.3377935483871,23.55702258064516,8.57044193548387,67.63136607385836,280.2123516129032,116.66326027896903,2548.5031851496606
Cook Islands,0.0,0.0,0.0,930.3524933243696,0.0,0.0,2.4415451612903225,0.0,40.797053355388286,0.4895516129032258,212.03365161482637,65.0723473790681,267.88728348701545,1070.3902835687506
Costa Rica,11.201554838709677,28.335170967741938,16.761374193548388,41.65478387096774,111.20260967741936,100.16129032258064,440.1584870967742,121.82614838709678,90.51059677419354,7.510183870967742,12.072706451612904,1444.8302193548386,297.3663161290322,356.4910168671663
Croatia,5.175851724137932,7.18243448275862,158.93812068965516,553.6603980067943,8.903979310344827,48.03448275862069,427.8199689655172,346.93245862068966,291.19459655172415,38.640410344827586,196.83915862068966,864.3751517241378,617.9137862068966,737.5658172413794
Cuba,52.54293225806451,57.582258064516125,57.2093935483871,1284.041516129032,0.0,88.21713873633976,520.946393548387,1097.9992580645162,355.3633258064516,202.74479677419356,4.687135483870968,3169.263851612903,168.40150532068105,87.47750645161291
Cyprus,0.9263193548387098,0.015000000000000001,7.356245161290323,246.78081013632362,0.0,24.35483870967742,139.8821935483871,115.98296451612903,152.91972258064519,86.70898064516129,51.04436129032258,268.5754,138.33867419354837,1570.1030731237374
Czechia,0.07403571428571429,0.5003642857142857,442.70038928571427,857.1837733328277,269.3996392857143,95.5,1236.7895357142856,4013.119721428571,2057.1390964285715,716.9855178571428,906.7567357142858,1585.188267857143,2517.4763285714284,29.982710714285712
Czechoslovakia,0.0918,0.8417,719.5266,926.3422784724488,349.458,200.60252965180632,1199.088,1369.3885666666665,2094.6213000000002,1723.2167437566334,530.8947666666667,1772.6890666666666,351.43429999999995,1183.3344336063665
Democratic People's Republic of Korea,5.161377419354839,113.85732258064517,345.0485806451613,2769.7830741935486,126.27662580645162,27.019608573984378,209.03790322580645,217.4553741935484,699.1784580645161,141.95724193548386,23.251425806451614,5272.812121057513,341.3890908375451,985.4001633257357
Democratic Republic of the Congo,21112.378180645163,30627.939206451614,216.67376451612904,496.7535645161291,469.19232903225804,27.484017296983513,151.1007806451613,11.583396774193549,694.3496290322581,0.11888709677419355,9.488290322580646,7064.201519354839,77.09810580670246,357.9937698507951
Denmark,0.05779032258064516,0.06419032258064516,551.6706129032258,932.1671778838477,2373.476261290323,119.48387096774194,954.9236225806452,1487.7977387096773,1053.5594387096774,770.7820258064517,200.99400322580644,1259.4779806451613,2477.539370967742,603.8028437009592
Djibouti,0.0014064516129032258,0.00014516129032258066,0.3331806451612903,246.40727646443952,0.0,11.481084565896976,9.010883870967742,10.754558064516129,49.16327419354839,3.920732258064516,67.63136607385836,78.87328064516129,209.58772835754152,1062.6353006646304
Dominica,0.0,0.0,0.011251612903225806,311.54619261807983,0.0,11.481084565896976,6.11671935483871,7.4073,5.311303225806451,1.7754096774193548,128.20038881234169,16.352577419354837,209.58772835754152,1122.541632051038
Dominican Republic,8.162116129032258,14.167777419354838,45.902525806451614,1078.7847322580644,0.0,171.03225806451613,606.3219032258064,1094.5866032258064,773.0072935483871,604.4727451612903,149.4763751158344,4009.4655806451615,817.416805033084,359.2818438367626
Ecuador,15.685312903225807,10.346190322580645,149.7389193548387,2075.8292967741936,52.16460967741935,313.326347574834,1278.9023516129032,1546.816306451613,331.2668161290323,1009.8985064516129,166.45111325050527,4042.3356258064514,555.0768647446555,403.63013791341314
Egypt,1.1957741935483872,0.0596774193548387,1065.2176161290322,4534.011096774194,0.0,189.25806451612902,3104.3691612903226,11800.553883870967,3458.085741935484,1949.682964516129,122.23475161290322,14540.716461290322,4146.548207324931,4907.5762903225805
El Salvador,3.2092870967741933,6.829848387096774,51.576593548387095,5.951725806451613,0.0,63.22660882473813,305.00191935483866,382.1115032258064,142.85643548387097,19.619706451612906,6.599283813599196,1712.2778258064516,96.82053253222948,2322.4677717165023
Equatorial Guinea,0.001029032258064516,0.21646774193548385,0.0,826.3135914434758,0.04245806451612903,11.499550991368382,36.416225806451614,18.93055806451613,61.421222580645164,5.182799999999999,47.727115727452436,91.13001935483871,199.5459551110848,1741.660098390839
Eritrea,22.801710714285715,2.1019107142857143,24.732474999999997,248.06149701135487,8.3403,0.8214285714285714,24.19125357142857,10.948014285714285,62.90238571428572,9.63350224232239,67.63136607385836,412.51701248758707,215.4350473406617,905.5972113048256
Estonia,0.2694310344827586,0.8600931034482758,55.83666551724138,283.5479898871388,4846.604172413793,23.03579302029414,177.6468620689655,226.76559655172414,339.4578517241379,289.94850689655175,59.57427931034483,223.55142068965517,569.243724137931,21.762844827586203
Eswatini,40.598077419354844,37.326261290322584,5.505529032258065,0.3661967741935484,0.0,11.521530972677422,62.13784516129032,50.63766774193548,65.91896774193549,157.94382903225807,2.216724712059947,140.44425483870967,271.57005483870967,7044.335751992067
Ethiopia,3849.4343750000003,1509.4990035714286,784.6100214285715,91.80541071428571,5699.536689285714,42.92857142857143,338.59831785714283,4.2790678571428575,56.87269285714286,27.560318339680055,91.91248566501801,6936.454385714285,489.23797172121357,421.83420685160473
Ethiopia PDR,3851.3866,1509.6418999999999,302.17243333333334,3429.1641373149814,5513.0102,12.184914219031013,77.73303333333334,2.6819,402.1510482691895,537.0538739087324,568.2293307243574,5441.959,916.3064662674888,541.5070072316922
Falkland Islands (Malvinas),0.5035258064516129,0.014758064516129033,0.0,3603.633310605243,5519.248722580645,11.553838057802286,1.5852225806451612,0.16371785714285716,40.797053355388286,0.7135096774193549,173.76599776293043,65.0723473790681,573.0706778087631,1997.4071172504507
Faroe Islands,0.0,0.0,0.019074193548387096,246.40727646443952,235.924135483871,0.0,10.175638709677418,0.040448387096774195,6.413174193548388,17.00466278502689,134.46383533197005,8.534474193548386,386.1925718678925,2005.7921290780253
Fiji,0.9658032258064515,4.886287096774193,1.1071806451612904,21.606403225806453,80.57905483870967,12.935483870967742,49.58550967741936,27.316912903225806,77.80295483870968,3.1354354838709675,26.180015899558075,58.46793870967742,206.76368654003628,4480.358416845483
Finland,0.6734677419354839,0.6856903225806451,221.84504838709677,739.9321292395827,12045.367170967742,52.903225806451616,916.7837677419354,552.814229032258,997.3259387096774,246.36794838709676,907.4180451612904,1250.5473903225807,851.2995032258065,468.8027516561439
France,5.853383870967742,20.910790322580645,3552.900777419355,284.52068709677417,5917.885777419355,1269.6129032258063,10548.272047896195,6364.9877161290315,10816.635870967742,391.0271419354838,2154.7292193548387,10095.156838709678,43636.508658064515,1155.399835483871
French Polynesia,0.0,0.007470967741935485,0.012677419354838711,246.40727646443952,0.0,0.6774193548387096,35.577425806451615,4.261474193548388,40.490535208674565,17.00466278502689,134.46383533197005,11.34875806451613,386.1925718678925,2002.6107568099428
Gabon,204.24920967741934,46.973529032258064,2.1624903225806453,0.9810709677419355,554.6608967741935,11.825086355367434,49.1125064516129,99.17049032258063,32.50758064516129,7.872229032258065,13.092490207843552,149.0301129032258,42.764351612903226,3013.40863325603
Gambia,100.85345806451612,86.79676451612903,13.441961290322581,244.28805161290325,0.0,9.87847969835221,10.583687096774193,0.0,39.484648387096776,1.4563,212.03365161482637,172.80112903225807,267.88728348701545,2953.556661390776
Georgia,4.973796551724138,6.209672413793103,32.44937931034483,248.06149701135485,0.0,42.758620689655174,237.0497,338.56583448275865,222.3938827586207,25.144289655172415,16.542589655172414,525.9229448275862,67.5668551724138,635.6064862068965
Germany,0.09371290322580646,1.0648354838709677,2501.2632967741933,1925.4646429861234,28020.357351612904,1445.4193548387098,12648.104583870967,32586.572200000002,15152.043896774194,3164.0007501091045,7044.874406451613,15857.9632,18377.232996774193,1339.164787096774
Ghana,3738.597109677419,197.28787741935486,150.51764193548388,295.3907387096774,82.68272580645161,74.4662567087301,531.1912161290322,285.58901290322575,134.08431935483873,0.9649096774193547,0.6540193548387097,3977.9639032258065,116.71946055913068,356.4910168671663
Gibraltar,0.005829032258064516,0.05389677419354839,0.0,1231.5549844132827,0.0,11.484162303475545,35.031677419354835,0.11889677419354838,3.458348387096774,2.976883870967742,77.39365076150476,1.5046451612903224,451.19629118273247,1991.8535786860737
Greece,15.22568064516129,22.47111935483871,261.1910612903226,361.70284838709676,1287.1803322580647,121.45161290322581,1393.3956387096773,3366.8340580645163,2420.30654516129,1830.3265548387096,859.6041387096774,4826.599706451613,1970.1567516129032,251.50210322580645
Greenland,0.08096451612903226,0.0,0.0,1123.9382322317097,0.0,11.481084565896976,7.648183870967743,4.299277419354839,6.228645161290323,0.12853548387096775,0.07725161290322581,2.782964516129032,23.424706451612902,2009.0946935412348
Grenada,0.0,0.004438709677419355,0.026938709677419355,311.48950151055294,0.0,11.481084565896976,9.230058064516129,14.527522580645162,12.506396774193549,17.00466278502689,116.9922160785234,31.95074193548387,209.58772835754152,658.5406035363438
Guadeloupe,0.0,0.0,0.0,800.1977307924542,0.0,11.811963467064338,84.0861193548387,17.97914193548387,204.05720407490878,0.6480516129032259,80.53528024189946,72.0634790307214,400.1337889599456,2005.7921290780253
Guam,0.0,0.0,0.001,914.8050518726892,0.0,252.2810353134547,2279.903017449363,0.0,1260.6769029536697,643.5802312699008,1185.8359824808374,5.753748387096774,2368.350348584099,2012.447178005524
Guatemala,116.12518387096775,513.9130612903225,96.11826129032258,9.482883870967742,0.0,346.0967741935484,594.8051,542.9948677419354,218.9867129032258,10.889012903225806,115.8442439408359,2946.919758064516,444.68511982240653,1386.3442202209237
Guinea,2838.9901225806448,252.57570645161292,196.53205806451612,3134.672474193548,686.625570967742,11.064516129032258,87.35813548387098,16.65226451612903,212.03219677419355,8.358187096774193,67.63136607385836,769.5141709677418,209.58772835754152,356.4910168671663
Guinea-Bissau,316.5714258064516,350.8717774193549,17.390945161290322,162.38676129032257,0.824274193548387,1.5483870967741935,8.184322580645162,6.047593548387097,34.03885161290323,0.5650387096774194,67.63136607385836,245.02922903225806,209.58772835754152,4703.911702223388
Guyana,32.238087096774194,35.797322580645165,33.93533870967742,975.4873838709677,2789.148335483871,13.096774193548388,60.48338064516129,51.03478709677419,48.5677870967742,66.81358709677419,37.694365266309426,181.82730645161288,188.6723343179426,4981.904609549933
Haiti,0.4747935483870968,0.06626451612903225,41.27813225806452,175.9736064516129,0.0,0.0,96.48120645161289,33.87850967741935,1434.2162548387098,20.10261758912198,67.63136607385836,2685.1017,216.4432949966666,360.7845968203914
Holy See,0.0,0.0,0.0,9649.816892588377,0.0,11.481084565896976,26.262663446183105,0.004625806451612903,0.06032903225806452,112.13551721638096,67.63136607385836,65.0723473790681,451.19629118273247,2357.8692331943935
Honduras,137.28394516129032,437.25284516129034,43.99137741935484,8.926170967741935,0.0,92.3084170060186,316.46154193548387,246.73997741935483,306.7885548387097,149.75787741935486,0.0286,1905.1444032258064,148.07933685647853,2348.739269603389
Hungary,0.6329258064516129,1.5091806451612901,685.5436290322581,26.641590322580647,5645.9337129032265,165.67741935483872,851.9583451612903,1607.9125032258066,1229.9567612903224,428.21420645161294,390.80012258064517,2267.7915548387095,1824.6175838709678,1015.5077483870967
Iceland,0.04232258064516129,0.0,0.20844838709677418,246.40727646443952,731.2097451612902,0.0,129.96563870967742,0.9353129032258065,9.348109677419355,0.5006064516129033,16.488370967741936,186.01847419354837,119.07900967741935,1652.2571127081928
India,321.48527096774194,4383.8804451612905,18829.67083548387,128465.3973,4975.7043483870975,1841.1935483870968,12946.170664516128,35891.040890322576,18057.15649032258,93933.00397741936,5042.409625806451,138816.60256774194,6461.232519354839,18164.535551612902
Indonesia,486.3148838709677,4921.386203225807,3975.3472387096776,67281.0656,208911.6651548387,183.0,7433.626087096774,19479.364577419354,2871.1472258064514,563.2468806451612,2283.585109677419,71707.76022258065,2174.1864741935483,5173.981549988324
Iran (Islamic Republic of),66.87192903225807,8.230412903225806,1268.149187096774,3408.954125806452,0.0,143.50143358970823,10771.252370967743,13221.941200000001,4833.579261290322,10551.25130967742,95.83879677419355,14096.0229,17746.509225241236,1790.604822580645
Iraq,78.10319677419355,4.152222580645162,278.1553612903226,718.3622516129033,0.0,29.419354838709676,2908.4973677419352,3205.2603258064514,141.26785161290323,752.985,21.840467937130335,9274.149787096774,30.749434282661724,113.04757419354839
Ireland,1.1452774193548387,0.43200322580645156,127.92396451612903,639.0879199216108,11136.065987096774,56.06477928568507,868.1118419354838,629.3229290322581,972.4142451612903,306.74210967741936,219.5157741935484,754.6385870967742,1732.8501064516129,572.7774928120481
Isle of Man,8.709677419354838e-05,0.0008967741935483872,0.0,4896.501165149815,20.48854516129032,11.481084565896976,1.887693548387097,4.118296774193548,3.358767741935484,17.00466278502689,83.7804174684659,7.682148387096775,483.1260997993476,2005.7921290780253
Israel,0.6995193548387098,0.0035225806451612907,19.01561935483871,260.24854518787083,0.0,361.7741935483871,1611.8296,1497.5297483870968,2731.015274193548,1289.702306451613,154.03364193548387,1568.3599838709679,911.9800129032259,92.6426870967742
Italy,7.701825806451613,16.39181935483871,1087.4802806451614,3204.3608580645164,705.1204322580645,1308.0,8481.94542580645,12868.76325483871,10355.706270967741,2264.1502903225805,4400.686590322581,11445.880941935484,45677.54395806451,1113.4177161290324
Jamaica,0.32073870967741935,0.8200096774193548,0.2995548387096775,0.11926451612903226,231.9627,29.032258064516128,219.1322,211.0690129032258,128.17742258064516,27.54456129032258,29.996322408539523,1218.3632322580645,92.42861339289084,2457.3906378420793
Japan,1.0629258064516127,13.696364516129034,728.3357322580645,10193.296761290323,4957.502964516129,1441.7096774193549,25066.693651612903,17025.798429032257,26142.39714516129,1435.2562516129033,9194.05009032258,12453.108996774194,20010.78327419355,2768.8347967741934
Jordan,0.04959677419354839,0.0,7.115438709677419,246.51400037069212,0.0,30.870967741935484,568.2066967741935,717.1768419354839,260.4264387096774,843.9426645161291,36.24343548387097,1692.0993677419353,14.267956685149953,685.0443
Kazakhstan,3884.8529413793103,38.565017241379316,1312.0298931034483,549.1431068965518,0.0,299.91146399524666,1393.5455931034483,3078.8974620689655,1393.0584,3541.8938206896555,1717.8037206896552,1949.0590551724138,2319.8288896551726,399.1305
Kenya,211.47582903225808,24.699422580645162,263.6271967741936,36.72666774193548,160.88575806451612,30.142180018925977,515.7049,58.765274193548386,99.81010967741936,8.428322580645162,69.54701762236658,5858.6185000000005,40.592222580645156,368.6570993214281
Kiribati,0.0,0.0,0.0,1998.3399182518735,0.0,11.481084565896976,2.410661290322581,1.0130129032258064,1.936847060532652,17.00466278502689,67.63136607385836,4.180864516129032,252.2141899664796,1922.0556140048525
Kuwait,0.0005290322580645162,0.0,0.8239,246.40727646443952,0.0,1.4516129032258065,1054.9397741935484,1708.201248387097,2127.327687096774,606.9683709677419,21.38173548387097,1438.7631322580644,82.34740413398632,416.5103548387097
Kyrgyzstan,5.596834482758621,0.9081034482758621,112.08083103448276,41.56447931034482,0.0,14.0,204.5633275862069,151.9929172413793,39.54788620689655,121.91488275862068,8.031948275862069,653.6798620689656,55.79141034482759,457.5322352673125
Lao People's Democratic Republic,219.2762193548387,2409.429625806452,203.4641580645161,2072.5377,0.0,1.3225806451612903,150.40265806451612,98.80982903225807,619.5703064516129,8.208670967741934,118.86889125434627,476.8010935483871,530.3481222999936,749.4007016030716
Latvia,0.5765379310344827,1.6988586206896552,108.33469310344827,393.9385167061328,4978.749224137931,17.660281012372813,241.37345172413794,133.18707586206898,135.73835862068967,28.83401724137931,42.87352068965517,440.8955413793103,305.3850931034483,393.1614495157012
Lebanon,0.21028387096774193,0.024809677419354838,13.235293548387098,247.47451552696555,0.0,40.87096774193548,532.0959612903226,661.402964516129,823.6138161290322,340.4796129032258,68.16028564694105,1349.7566387096774,279.8267839372559,81.84797040082957
Lesotho,43.97844516129032,7.795529032258064,11.685803225806453,247.31442966758664,0.0,2.0955538429610954,38.00038709677419,35.00770000000001,118.95873225806452,0.7374032258064517,67.63136607385836,105.57963548387096,127.60264549792734,3680.528647347363
Liberia,29.821190322580645,147.72011935483872,24.911190322580644,55.99828387096774,114.97230967741935,12.29742826561245,27.242248387096772,0.0,16.57181612903226,510.0592135433959,212.03365161482637,358.1118290322581,294.06702220191835,726.5114439488108
Libya,0.5545580645161291,0.0,24.225967741935484,248.06149701135485,0.0,59.03225806451613,1386.5196677419356,2379.704238709677,785.4209548387096,1241.2173612903225,105.67472268197459,886.3216967741936,327.1220615004454,459.4972935483871
Liechtenstein,0.0,0.0,0.0,9256.326219873956,0.0,11.481084565896976,0.12119677419354838,0.029516129032258066,1.5394032258064516,18.164269167456716,67.63136607385836,8.021325806451612,422.0870143322336,1704.116898243647
Lithuania,0.2823413793103448,0.4878689655172414,216.6374344827586,696.4693133362632,9869.994344827586,37.110001955184266,387.9381275862069,273.1871931034483,191.97628620689653,34.03029310344828,79.45016896551725,516.2275172413794,420.7692448275862,1855.8922204461576
Luxembourg,0.0,0.006204761904761905,8.441566666666667,246.40727646443952,4.710785714285714,15.521660674890448,475.1739142857143,84.81743333333333,132.25531904761905,10.758685714285715,142.87384761904764,97.37708571428571,80.78059047619047,1641.6791581344235
Madagascar,2638.0039903225806,660.9641967741935,272.41208387096776,5901.301238709678,4318.269283870967,6.032258064516129,99.99560322580645,20.998606451612904,82.71491935483871,14.241180645161291,67.63136607385836,2943.773248387097,177.8758061063249,356.4910168671663
Malawi,283.82860000000005,415.33872258064514,182.58891612903227,100.30781290322581,859.6316451612903,19.284467575636274,66.60993548387097,18.930629032258064,110.2452129032258,18.025206451612902,69.59960062917962,542.8217516129033,237.95376997155796,35.11862421295158
Malaysia,9.583709677419355,308.08528709677415,158.53256451612904,3391.077393548387,24993.151251612904,1968.0,4393.659367741935,7805.349912903225,3557.474235483871,182.3622935483871,181.73873767056833,6411.811661290322,3583.01346547617,1205.7254954944117
Maldives,0.0,0.0,0.006896774193548387,651.5852440598877,0.0,1.1612903225806452,41.108412903225805,20.503793548387097,11.406893548387096,10.053432258064516,140.50173138934332,58.71013548387097,451.19629118273247,1502.4379476823492
Mali,4037.319958064516,951.5928451612903,325.5949258064516,964.482293548387,0.0,4.345126074043784,127.74434193548387,38.98283548387097,165.57136129032259,20.355041968838727,67.63136607385836,1069.9922,39.35108301016363,356.4910168671663
Malta,0.0,0.0,0.9090645161290323,246.40727646443952,0.0,4.354838709677419,64.1843193548387,80.0592870967742,93.05155806451613,3.084267741935484,25.57249763911103,145.27870322580645,70.44618704847711,1226.7872970879275
Marshall Islands,0.0,0.0,0.0,2027.733244720569,0.0,11.8990408542748,12.571672458837556,2.636206896551724,14.917596471343169,22.75827770899669,97.24889162085317,1.9376633333333333,495.2557176485277,1665.7207563427835
Martinique,0.0,0.0,0.0,788.4130544736562,0.0,12.412358771976038,85.41140322580644,0.0,147.743721478768,494.53281648426156,236.99160678740742,66.91570996841124,511.4991517620364,2005.7921290780253
Mauritania,196.2777258064516,0.022361290322580645,21.55923548387097,225.34561935483873,0.0,2.9149937144452758,81.8749935483871,96.68019677419355,27.509270967741937,47.5259522519814,67.63136607385836,393.78839032258065,221.66179334535087,356.86531836078564
Mauritius,0.01405806451612903,0.01955161290322581,0.2021516129032258,0.27603870967741934,0.0,18.612903225806452,91.68381935483872,64.55797419354839,378.32693548387095,15.94925806451613,67.63136607385836,244.89920967741935,211.9871766812353,5631.279532616363
Mayotte,0.0,0.021138709677419355,0.0,2137.544265697535,0.0,11.481084565896976,8.444835483870968,0.7887483870967742,40.797053355388286,17.00466278502689,77.39365076150476,65.0723473790681,451.19629118273247,1993.6276925344314
Mexico,784.1941548387098,2393.9740032258064,1666.726306451613,201.1551870967742,0.0,726.483870967742,14118.93895483871,18917.555051612904,4543.504503225807,4353.242816129032,2822.2980032258065,50093.32908064516,3613.1014290322582,611.8793838709678
Micronesia (Federated States of),0.0,0.0,0.01612,142.03849947329232,0.0,11.8990408542748,13.187315792170889,3.0071689655172413,15.30658647134317,22.591747708996692,160.19688598575786,3.9467866666666667,285.8616298666955,4395.89689878965
Monaco,0.0,0.0,0.0,9008.878805348948,0.0,11.481084565896976,0.12386774193548387,0.03017741935483871,1.5332806451612904,17.00466278502689,67.63136607385836,4.174748387096774,436.6425624349024,1762.765252042524
Mongolia,502.53012903225806,158.96276129032256,26.88460322580645,790.5804029182361,22383.512899999998,6.483870967741935,175.6816741935484,350.1622806451613,372.4324548387097,65.52937419354838,180.77910064599658,2206.001164516129,836.2654548962013,402.47449842657215
Montenegro,4.484579999999999,2.463093333333333,0.7313133333333333,246.4072764644395,32.71746666666667,2.1788268382601186,89.71602666666666,98.36809333333333,94.04988,9.280633333333332,66.96622666666666,171.48498666666669,40.50344666666667,2254.9777130525695
Montserrat,0.009706451612903226,0.016541935483870965,0.0062,3512.438839288664,0.0,11.699345041612904,1.4743032258064517,0.9170999999999999,40.797053355388286,171.28157521359185,366.5106917657818,65.0723473790681,821.7660138507387,2002.172256705763
Morocco,2.528009677419355,1.6545290322580644,503.58315161290324,49.87226129032258,0.0,308.06451612903226,1369.9277516129032,5704.082806451614,634.5565419354838,1348.2744516129032,287.8578225806452,5075.107206451613,950.1791516129032,1380.2540290322581
Mozambique,12683.589216129032,17653.14562580645,150.75258387096775,456.9256935483871,0.0,6.288370505293835,177.5505806451613,9.171648387096774,91.83031935483871,0.27829677419354837,27.848212903225807,2143.903529032258,64.73320663896838,356.4910168671663
Myanmar,771.9622870967743,11581.447151612903,1799.7147258064515,28847.968906451613,14142.4743,94.90322580645162,400.16321612903226,400.8611,325.11421612903223,463.5465418993061,10.4232,7068.221929032258,355.7584503670204,174.83253548387097
Namibia,3662.9812161290324,10.15095806451613,8.74683870967742,246.67408623007103,2.5946645161290323,2.476656306597126,145.5416766897702,0.0,66.73012580645161,1165.131579194525,267.13857786678034,155.51551935483872,294.06702220191835,2821.3005531932126
Nauru,0.0,0.0,0.0,947.7292620927335,0.0,11.678899850119777,73.29896569540273,1.4281,59.59963606710583,0.4538774193548387,6.356609677419355,0.3680225806451613,131.56912352369383,860.0921649175077
Nepal,24.50324193548387,743.6228741935483,541.7621096774194,4357.275745161291,2385.1523258064517,3.3225806451612905,196.38592903225805,165.44453870967743,391.1881741935484,0.37468709677419354,168.14179339360066,2877.8283935483873,677.4838791664412,363.5742127924439
Netherlands (Kingdom of the),0.002741935483870968,0.0005419354838709677,147.24386451612904,839.8796944314673,7299.733158064516,446.06451612903226,2480.3800322580646,4818.64565483871,3342.7972612903227,2773.696583870968,1416.7836580645162,2250.963293548387,7505.778041935484,4791.404796774193
Netherlands Antilles (former),0.0,0.0,0.0,926.3422784724488,0.0,14.91052396734019,131.70144285714287,83.17414285714285,504.76922664881863,24.28511731117528,116.03783042322576,82.4598871332291,503.7183437219519,1645.4093566668412
New Caledonia,2.001335483870968,1.913358064516129,0.21477419354838712,246.40727646443952,0.0,2.2544034643671567,52.716529032258066,3.8250354838709675,16.495696774193547,17.00466278502689,53.619541935483866,12.432409677419354,339.4697569242214,1.273474193548387
New Zealand,0.5828903225806452,1.5837064516129031,55.57913870967742,557.2969081135279,2453.827719354839,78.64516129032258,1372.3431903225805,293.5045451612903,360.94900322580645,259.08186451612903,226.89890322580646,1128.031948387097,1244.9496290322581,229.71870645161292
Nicaragua,92.62671290322581,127.48524193548387,59.45181290322581,57.61783548387097,41.76706129032258,138.169481356107,176.76864193548388,155.7479258064516,159.39634838709677,41.78992580645161,67.63136607385836,1811.8719419354838,251.97435982375112,356.4910168671663
Niger,157.47537741935483,52.843012903225805,366.45417741935483,63.84748064516129,0.0,7.671564349829822,49.237874193548386,47.417054838709674,162.94176129032257,5.600564516129032,67.63136607385836,1722.738206451613,260.1283886660947,356.4910168671663
Nigeria,3815.262325806452,2662.4407741935484,1756.8402548387096,8341.943406451614,0.0,305.1307346796598,3303.362035483871,513.5696774193549,973.4922032258065,341.7010437091558,15.735835483870968,28612.00263870968,2497.931908174642,139.6280387096774
Niue,0.0,0.0,0.0,2005.6333772790235,0.0,11.481084565896976,0.3404354838709677,0.1353258064516129,0.17243225806451612,17.00466278502689,67.63136607385836,65.0723473790681,209.58772835754152,860.0921649175077
North Macedonia,3.1108068965517237,2.922162068965517,37.47548965517241,28.987720689655173,0.0,7.279271668541414,160.9125724137931,350.8523827586207,186.7958448275862,24.22791724137931,116.87262413793104,449.7392344827586,272.1796068965517,668.5673084608388
Northern Mariana Islands,0.0,0.0,0.0,1643.3539118992353,0.0,19.5231160220756,79.57986393138206,0.9801103448275863,76.19426144432421,37.890515067856015,114.3616175775824,1.9251900000000002,515.1268435506947,2006.0139640422751
Norway,0.7025677419354838,0.7935967741935485,77.32773548387097,307.8113791974762,5217.333712903226,27.35219737273927,1329.2830774193549,36.46772903225807,247.51363870967742,14.294106451612903,142.09940322580647,679.6919548387096,562.4663354838709,1746.9260788225638
Oman,0.0008354838709677419,0.0,1.9823193548387097,246.40727646443952,0.0,3.3548387096774195,701.8868096774194,628.7704,990.8655064516129,117.31746451612902,51.72108709677419,335.2776064516129,78.63777921043088,1475.3808774193549
Pacific Islands Trust Territory,0.0,0.0,0.0156,0.5591,0.0,24.44916374721046,184.52227376512667,0.0,366.5821941402951,643.5802312699008,956.1571324837028,7.3884,1772.9790851565883,5216.11607297518
Pakistan,13.79441935483871,2.971,2197.511070967742,9849.551583870967,0.0,192.83870967741936,3453.221677419355,3123.7145741935487,1386.9283193548388,3104.393848387097,482.69371290322584,27647.76122580645,6616.735660783682,3971.4631806451616
Palau,0.0,0.0,0.0,1681.3614447143862,0.0,11.8990408542748,16.38193912550422,3.011510344827586,17.277446471343172,22.90940104233003,103.94431845739139,0.6479266666666667,526.4963828777943,2793.1475926501685
Palestine,0.14623225806451612,0.0,3.978514814814815,452.6648521388598,0.0,18.93548387096774,120.89598387096775,333.09598387096776,1037.5229903225807,8.866454838709677,11.563965461531641,1071.2366170973423,358.17099198056394,2009.6563510359276
Panama,22.064316129032257,14.734845161290322,26.68060322580645,37.88621290322581,678.1789387096774,50.17931573757521,331.58820000000003,349.6689774193548,385.70879677419356,5.679032258064517,67.63136607385836,1679.4411322580645,242.2206438555823,1.3112548387096774
Papua New Guinea,139.24537741935484,818.9699741935483,0.6220225806451612,2.5651032258064514,20858.95831935484,5.769802831306852,104.40777096774193,69.80950967741936,75.45462580645162,39.67603870967742,67.63136607385836,271.09524516129034,365.2976306143834,4192.070401306038
Paraguay,1544.4687580645161,884.2506516129032,527.5444870967742,235.72186451612905,0.0,220.96774193548387,488.8353322580645,130.89013548387098,0.7819516129032258,0.11547741935483871,52.62078161267749,1588.3427967741936,281.4158077965554,356.4910168671663
Peru,39.35180322580645,153.3124258064516,254.2604870967742,2107.982370967742,75.73865161290323,77.12551582632408,1611.1675967741935,1357.7213903225806,554.8096935483871,189.01241935483873,134.3839451612903,8733.30829032258,1501.5995743724618,0.1433838709677419
Philippines,41.87013225806452,66.4212064516129,1260.917722580645,38872.6883483871,0.0,288.06451612903226,2606.0155483870967,3747.9450935483874,3080.712641935484,776.9021516129033,337.82763548387095,10225.87147096774,2621.1208225806454,211.44800967741935
Poland,0.6407129032258064,1.4027806451612903,1384.022829032258,1447.159023431966,28797.506338709678,525.1175472302795,3453.558025806452,8150.206632258064,6062.096793548387,3083.92774516129,2656.8715483870965,8322.26484516129,11848.657948387097,6516.600529032258
Portugal,52.38870967741936,73.28342903225806,77.5038064516129,380.02886774193547,262.6272096774194,171.25806451612902,1292.0844387096774,2116.8814322580643,1158.6862129032256,309.24771290322576,574.2941645161291,2604.681335483871,1470.2684387096774,316.22217741935486
Puerto Rico,0.06543548387096774,0.27467096774193545,0.023625806451612906,0.07435161290322581,81.20641290322581,131.2240755999267,1793.4972469956454,956.5762193548387,1490.9282161290323,22.91398064516129,130.33529598870783,1031.0595612903226,320.3842279224118,10753.102392492678
Qatar,0.0,0.0,0.2121741935483871,246.40727646443952,0.0,4.6801158496428545,715.6000677419355,518.2503483870968,909.1354741935485,416.35397096774193,243.78430322580644,472.39385483870973,404.6646529271917,2075.8693652813395
Republic of Korea,1.1466806451612903,6.954870967741935,377.2700806451613,5666.0924258064515,0.0,536.4193548387096,8808.894683870967,8611.572196774194,13118.963477419355,4249.582290322581,3195.3511,8729.603061290323,7273.745793548387,2283.961929032258
Republic of Moldova,0.35751034482758626,1.3295,149.3122620689655,516.8312425707355,181.89143448275863,62.37931034482759,162.93245862068966,452.8097965517241,148.75443103448276,193.9612551724138,145.6903724137931,1387.6350379310345,553.8054931034483,377.4078995531106
Romania,6.8397,11.659806451612903,1043.0446290322582,69.07495161290322,539.8563161290323,289.6774193548387,1116.6050387096773,2174.9904935483873,754.731970967742,708.683570967742,1064.8079,3612.4782258064515,2654.754835483871,2724.5544032258063
Russian Federation,4307.517975862069,7117.492751724138,6296.806020689655,1376.9978620689656,51068.75468965517,1070.0689655172414,16499.42274827586,38692.839824137925,11765.553806896552,11326.233037931033,12718.573506896553,30279.866710344828,27030.07948275862,28305.274462068966
Rwanda,17.863093548387095,3.926009677419355,67.61868709677418,27.024416129032257,1721.2235806451613,14.72923112736263,44.220625806451615,10.840122580645161,60.45475483870968,7.7029645161290325,67.63136607385836,2744.9807419354843,242.33271466301449,2560.136944825839
"Saint Helena, Ascension and Tristan da Cunha",0.0,0.0,0.0,3931.928340482714,0.0,12.232870648918505,0.5375806451612903,0.0,40.797053355388286,548.4029167056395,956.1571324837028,65.0723473790681,1727.6031137058649,1809.752979021968
Saint Kitts and Nevis,0.0026741935483870966,0.0,0.002324,5110.408283536124,0.0,0.06451612903225806,26.262663446183105,0.13023225806451613,3.655912903225807,62.49703028731355,151.94460256487284,34.43266774193549,252.2141899664796,1849.507307184725
Saint Lucia,0.0,0.0,0.0,1195.697460380442,0.0,5.0775942848220925,18.476654838709678,22.81707741935484,34.46707741935484,18.526592703880258,67.63136607385836,89.75237096774194,209.58772835754152,779.5667924028238
Saint Pierre and Miquelon,0.0,0.0,0.0,2605.7451457486054,0.0,12.232870648918505,2.6399032258064516,0.0,25.04630946359063,557.3621314084975,1073.2412364429035,65.0723473790681,1727.6031137058649,2005.7921290780253
Saint Vincent and the Grenadines,0.0,0.0,0.04180967741935484,246.40727646443952,0.0,11.481084565896976,6.988145161290323,14.165112903225806,8.006174193548386,2.635670967741935,101.90809777333722,36.216512903225805,209.58772835754152,658.5406035363438
Samoa,0.0,0.7154903225806452,0.0,953.5215183488548,0.0,2.5483870967741935,10.517206451612903,3.5278387096774195,6.234261290322581,17.00466278502689,67.63136607385836,8.33454193548387,209.58772835754152,2361.692060565933
San Marino,0.0,0.0,0.0,9029.536607046266,0.0,11.481084565896976,2.9781900109209456,0.10960645161290324,2.279148387096774,26.21087450419019,67.63136607385836,3.7329129032258064,451.19629118273247,1762.765252042524
Sao Tome and Principe,0.0006129032258064516,0.0,0.10837741935483872,246.40727646443952,0.0,11.481084565896976,3.658206451612903,1.5593935483870969,8.30437741935484,17.00466278502689,76.24884815811922,11.342690322580646,209.58772835754152,1029.2093382645967
Saudi Arabia,8.30061935483871,0.0,158.49607741935483,0.0,0.0,100.61773577663234,9544.886293548387,8378.674441935484,3749.6267258064513,2291.124390322581,177.61784193548385,8864.927458064516,39.61592227823707,5856.768380645161
Senegal,2509.352006451613,490.10454838709677,96.89846451612904,266.09933548387096,0.0,17.612903225806452,195.17788387096775,278.14013548387095,357.53393870967744,39.77130322580645,31.21222471205995,1980.9473387096775,96.65063639863037,70.78193766027952
Serbia,3.1085133333333332,5.55212,477.82868666666667,920.0516539520473,2.49014,128.8392762020336,881.3930333333334,1284.3906133333332,1430.4150733333333,289.19661333333335,462.20033333333333,1660.8554666666666,1847.06926,344.55387333333334
Serbia and Montenegro,0.9969,10.616321428571428,450.35667857142863,926.3422784724488,35.27925714285714,14.285714285714286,363.1665214285714,52.446275,24.848992857142857,267.74083223651616,23.908135714285716,1115.7637571428572,1051.7026181093252,159.2184142857143
Seychelles,0.0,0.0,0.0,921.6641089401876,0.0,0.12903225806451613,9.432451612903225,4.3809516129032255,8.993574193548387,17.00466278502689,67.63136607385836,55.04365806451613,72.35740914759404,779.5667924028238
Sierra Leone,496.3306612903226,68.88186129032258,81.92582903225806,929.1616193548388,0.0,11.599465153987868,34.22939032258065,3.8056774193548386,7.520441935483871,1.0933225806451614,67.63136607385836,628.377441935484,209.58772835754152,356.4910168671663
Singapore,0.0,0.010083870967741935,0.0,757.7566431689069,0.0,106.60896262336799,713.5701903225807,1373.5731483870968,1464.851387096774,23.29212258064516,48.00076451612903,290.1409967741935,243.1448088684335,1039.2328626481528
Slovakia,0.02032857142857143,0.36675,203.66305357142855,644.8308759160451,65.41077857142857,52.32142857142857,421.2849571428572,878.3149892857143,713.1993035714286,147.41738214285715,641.9686642857142,1008.4266785714286,516.5305678571428,0.007096428571428571
Slovenia,0.03540689655172414,0.8463137931034482,28.243865517241378,248.06149701135485,146.00227586206896,18.03448275862069,364.7686482758621,286.08509310344823,239.8332103448276,4.784524137931035,249.99094137931033,375.71294827586206,266.4607068965517,0.6784689655172413
Solomon Islands,0.0016677419354838709,0.0055032258064516126,0.1933483870967742,6.105438709677419,0.47538064516129036,22.357442684074144,18.892529032258064,1.8557161290322581,34.109687096774195,17.00466278502689,68.31682606567666,21.00233870967742,216.46296410091864,6272.050093075306
Somalia,17.28049677419355,0.19448709677419354,34.56258387096774,6.803854838709677,0.0,11.654667276178369,18.88432258064516,2.6327,1.3193290322580646,4.8648483870967745,85.01110385328872,741.3930451612904,472.92238686804893,2453.2134423871425
South Africa,2382.100793548387,490.87395483870966,683.1743741935484,9.823774193548386,474.2654322580645,957.258064516129,4509.776225806451,7712.049093548387,5669.1647096774195,4890.994280645161,3105.3079677419355,8513.89667419355,801.3550432256513,4121.79128725416
South Sudan,19070.00591111111,1477.3711222222223,68.52446666666667,297.52980158991875,9551.347322222222,12.667419860417617,102.66048888888889,68.03725555555555,892.2510333333333,61.30492222222223,67.63136607385836,367.28226666666666,219.8541610958124,408.3039767545477
Spain,39.2263,55.450658064516126,1233.3798741935484,1469.5603967741936,397.51662903225804,804.483870967742,6719.250806451612,3487.3685612903228,4749.726335483871,1672.3541483870968,2908.340619354839,15666.636174193547,9828.520132258065,1950.0550677419355
Sri Lanka,18.06856129032258,7.83751935483871,225.8857806451613,2716.5447322580644,1284.4471419354838,35.90537530951723,655.8844322580646,421.2117806451613,269.9268838709678,0.011151612903225807,0.24644193548387097,3111.779641935484,178.69771187066289,356.4910168671663
Sudan,3395.8799555555556,5.936677777777778,627.9359222222223,39.99402222222222,0.0,93.33333333333333,1014.1312888888889,979.1764222222223,983.6129777777777,144.65893333333332,13.816899999999999,3606.171588888889,622.7361888888888,360.1882662713324
Sudan (former),25246.7344,4292.82835,516.57365,18.589709090909093,9607.280149999999,21.318181818181817,499.89362727272726,189.56163181818184,93.51993181818183,40.974563636363634,26.83617711105228,2938.4845227272726,404.94345133917545,465.7672484093387
Suriname,10.863196774193549,9.6546,14.03283870967742,425.0433258064516,520.9290967741936,6.951002727932161,13.761103225806451,69.5206064516129,46.805087096774194,5.448770967741935,33.0389739640742,79.80512580645161,161.76987378195744,3431.1185489172444
Sweden,0.3716838709677419,2.2233548387096778,305.1372838709678,898.4167494872885,7862.359596774193,44.73821393997802,1568.5759838709678,128.09861612903225,581.5057064516128,28.758567741935487,452.3559193548387,1397.7439580645162,882.0650870967742,1136.083967899704
Switzerland,0.023793548387096776,0.23143225806451614,62.09512580645161,517.8922187125893,861.0900838709678,110.61290322580645,1953.0716193548387,375.03994193548385,1840.2158258064517,24.57555806451613,163.71932580645162,1302.1913451612904,1984.3947903225805,535.3782664653287
Syrian Arab Republic,10.570548387096775,0.6505516129032257,341.0551548387097,856.7379797767628,0.0,30.414342866149372,1205.5847193548389,1472.160222580645,1567.949893548387,638.3673903225806,7.864910963962901,3205.737964516129,292.30637685345755,299.17464516129036
Tajikistan,2.717196551724138,0.13719310344827587,63.43567586206897,87.12105517241379,0.0,5.275862068965517,94.62323103448276,94.37873793103448,24.622296551724137,95.77448275862069,16.459504574453767,907.4447172413793,42.15957684658217,14.91952068965517
Thailand,334.2850838709677,2660.347958064516,2345.4581419354836,45604.65443870967,986.1539161290322,1008.3225806451613,6006.065251612903,8989.588612903226,5771.8722161290325,132.13304193548387,1389.7628322580645,17471.713838709675,9544.132387096774,557.5917903225807
Timor-Leste,6.169032258064516,6.384812903225806,10.464858064516129,139.20209032258063,0.0,0.0,10.573925248693438,8.401142857142856,103.85954516129033,66.4925166905002,78.8387419293903,64.4840935483871,217.76314389086832,5351.8198062111
Togo,688.4335612903226,49.45156129032258,73.89713870967742,15.862670967741936,0.0,12.774193548387096,80.46087419354839,25.910445161290323,187.62169999999998,0.27468387096774194,30.796922580645163,976.4767129032258,35.834304743464116,1657.416731582995
Tokelau,0.0,0.0,0.0,757.7566431689069,0.0,137.8365914744482,1831.4377113375897,0.0,1260.4410648046987,591.1015889096769,184.18037187095567,85.68311232412132,394.31244882309903,2012.447178005524
Tonga,0.0,0.0,0.0,921.6641089401876,0.0,0.1935483870967742,7.6957645161290325,1.6339161290322581,12.326318992423294,0.7270387096774193,67.63136607385836,3.8159774193548386,209.58772835754152,1186.92864182882
Trinidad and Tobago,0.6476096774193548,1.936867741935484,0.6680548387096775,9.960348387096774,0.0,16.48965225066425,232.11809032258063,372.3935774193548,487.96175161290324,123.3135731248161,79.27338064516128,770.4527193548387,392.12204321433086,12461.305261290323
Tunisia,2.8306741935483872,1.954183870967742,129.2635,482.1384126805108,0.0,34.774193548387096,540.760570967742,1560.7423870967743,644.5538419354839,331.474364516129,239.79623225806452,2631.5215741935485,321.96299999999997,878.7268096774194
Turkmenistan,75.92933103448276,0.09493793103448277,116.61869310344827,395.0358655172414,0.0,262.6896551724138,596.5888034482758,389.6273827586207,1532.3028724137932,2266.297131034483,4.1680586206896555,399.03718275862065,710.0984106269307,634.9327826618218
Turks and Caicos Islands,0.008483870967741936,0.03250645161290323,0.0,2319.6761877922477,0.0,11.481084565896976,9.357929032258065,4.102135483870968,4.347574193548387,17.00466278502689,67.63136607385836,0.9446612903225807,451.19629118273247,1683.4470511127527
Tuvalu,0.0,0.0,0.0,1998.4955434162516,0.0,11.481084565896976,0.3646967741935484,0.21965483870967742,0.27196774193548384,17.00466278502689,67.63136607385836,1.7281516129032257,209.58772835754152,860.0921649175077
USSR,8405.2264,7262.4148,13377.602299999999,4756.528,131838.2352,1235.0,32661.0251,35180.50925,31677.530550000003,158.7567,9670.3115,33110.16835,103171.49355699155,78571.78087082389
Uganda,1594.7954096774192,211.1882258064516,208.9457677419355,154.16683225806452,5868.0698870967735,3.1849024024448545,173.50450967741935,4.451251612903226,1650.7839870967741,0.0848516129032258,22.44769233925834,4985.605670967742,229.2376693141527,383.8934032394572
Ukraine,61.97343448275863,91.68873448275862,2929.4669413793104,158.06467241379312,20010.210627586206,1253.3103448275863,2749.3402068965515,12768.387037931034,1512.5709206896552,2996.8852758620687,1461.3643310344828,9493.919996551724,3558.2896655172412,6545.658382758621
United Arab Emirates,0.0014580645161290321,0.0,0.2800870967741936,246.40727646443952,0.0,133.52577296470798,2520.992048387097,1980.2995387096773,2099.3318258064514,1140.4505161290322,74.82148709677419,1840.4760741935484,46.129314257637404,1507.2169684846458
United Kingdom of Great Britain and Northern Ireland,2.416041935483871,0.6865451612903226,1379.2412032258064,1456.8983088401237,26602.349599999998,976.4516129032259,9655.86852903226,20208.99698064516,9436.179167741935,1852.2954677419355,3303.645809677419,8967.854667741934,12182.361848387098,964.1262161290323
United Republic of Tanzania,8721.435938709676,7179.385980645161,487.3051774193549,3124.1914967741936,4648.524451612903,11.251654634031784,318.63980000000004,62.91294193548387,2179.712077419355,33.75219677419355,9.9001,8102.530164516129,703.2087971800096,359.7112018320852
United States Virgin Islands,0.0,0.0,0.0,926.3422784724488,0.0,12.232870648918505,59.97612794374492,0.0,15.136548387096774,643.5802312699008,1073.2412364429035,79.33534193548387,1727.6031137058649,2005.7921290780253
United States of America,1392.011551612903,1928.7991935483872,22567.517441935484,11805.886129032257,50499.742348387095,12686.161290322581,56400.11881290323,111334.37640645161,72159.47972258065,21129.833751612903,30813.616432258063,49576.5071483871,93034.68007419354,25025.03855483871
Uruguay,10.818719354838711,5.026567741935484,221.41414516129032,1239.4488677419354,188.2510677419355,180.19354838709677,306.89776774193547,205.26502258064517,95.9784129032258,22.017767741935483,83.42581371077475,1029.904535483871,204.80776643647465,50.47093120866662
Uzbekistan,20.157168965517243,12.441306896551724,386.917324137931,551.188275862069,0.0,188.7266628698522,841.8643379310345,8947.643637931034,1138.6982724137931,7568.726548275862,329.0211711313514,2608.372803448276,565.8532218224753,4093.4081827586206
Vanuatu,0.017690322580645162,0.747058064516129,0.060793548387096774,604.7357254981342,0.0,3.870967741935484,6.759564516129033,2.4192032258064518,16.114758064516128,0.9044548387096775,80.60773166615128,9.701416129032259,252.2141899664796,2299.2448721637475
Venezuela (Bolivarian Republic of),1621.4170161290322,669.4297483870968,152.75191612903225,1219.8116967741937,1133.0362451612903,72.41918237913669,4155.965767741935,3359.703935483871,2676.638583870968,98.20889032258066,1113.5194,1309.4858161290322,2628.704575378247,2680.1769903225804
Viet Nam,202.07322580645163,811.8574225806451,2258.4175322580645,36069.177567741935,3932.742206451613,417.8709677419355,2211.0624967741933,6212.562241935484,3295.9300516129033,869.1226387096774,747.6433258064516,7503.550219354838,4705.325789667843,2000.3915209878833
Wallis and Futuna Islands,0.0,0.0,0.0,3439.086869231251,0.0,12.232870648918505,0.9401129032258064,0.0,40.797053355388286,548.4029167056395,1073.2412364429035,65.0723473790681,1727.6031137058649,2005.7921290780253
Western Sahara,0.0,0.0,0.2,914.8050518726892,0.0,252.5903098258104,2297.6575229610553,0.0,1264.4503133372073,643.5802312699008,1237.2717725824305,95.39974820482178,2368.350348584099,2012.447178005524
Yemen,0.007770967741935484,0.0,59.31079677419355,561.4252897197056,0.0,15.838709677419354,617.3645838709677,1054.323435483871,1643.8321,508.129411115589,68.54854856858744,2364.340780645161,303.9461851293684,386.0795655970669
Yugoslav SFR,17.5124,27.8984,946.1974,68.88225,276.0991,37.0,1800.9663500000001,25.8338,1164.0514632101324,2.0381,70.1232,1273.4264,3000.3074895340737,2601.5648132622323
Zambia,14882.447777419355,18252.864309677418,106.60060967741936,35.17776451612903,14490.105793548388,37.03225806451613,139.12256129032258,16.400687096774192,14.349974193548388,7.260700000000001,39.33887096774193,1757.955358064516,158.46153534759864,596.8130307776911
Zimbabwe,2077.7189612903226,190.47275483870968,114.61929677419354,2.923567741935484,0.0,54.516129032258064,232.1801322580645,179.77497741935483,329.31215806451615,617.9201677419355,34.06776129032258,971.489870967742,157.00676471738268,1206.8161067408168
